cluster,gene,score
0,CD74,38.35595703125
0,HLA-DPB1,34.625911712646484
0,C1QA,34.436344146728516
0,HLA-DRA,34.36726760864258
0,HLA-DRB5,34.3421516418457
0,HLA-DRB1,34.212425231933594
0,C3,34.18193054199219
0,TIMP1,33.77772521972656
0,C1QB,33.3580322265625
0,TMSB4X,33.26888656616211
1,SPP1,32.40987777709961
1,GAPDH,32.237815856933594
1,FN1,32.142295837402344
1,S100A16,31.652318954467773
1,MUC1,31.24331283569336
1,PGK1,30.95924949645996
1,S100A13,30.803308486938477
1,MIF,30.512157440185547
1,TPI1,30.122730255126953
1,ENO1,29.126052856445312
2,CXCL14,27.94419288635254
2,TCEAL4,27.777774810791016
2,MUC1,26.69391441345215
2,CCND1,26.618921279907227
2,GALNT6,26.400941848754883
2,MORF4L2,25.556411743164062
2,KRT18,25.1079044342041
2,KRT8,24.68575668334961
2,GNG5,24.418729782104492
2,SREBF1,23.428462982177734
3,ISG15,27.786212921142578
3,IFI27,26.04538917541504
3,IGHG3,24.864160537719727
3,IGKC,24.70438003540039
3,KRT19,24.632061004638672
3,MCCD1,23.318069458007812
3,H2AFJ,22.60839080810547
3,HLA-A,21.604063034057617
3,IFI6,21.467885971069336
3,IGHG4,21.424837112426758
4,MGP,30.71626091003418
4,HK2,22.158767700195312
4,ACTG1,22.057342529296875
4,STC2,21.288461685180664
4,ACADSB,21.17218589782715
4,TFF3,20.615314483642578
4,UGCG,20.440074920654297
4,RAB11FIP1,20.175735473632812
4,CTPS2,20.03852081298828
4,RERG,19.96474266052246
5,SLC39A6,29.628870010375977
5,TMEM150C,29.544458389282227
5,TNFSF10,28.435043334960938
5,BAMBI,27.57587242126465
5,IGFBP5,27.229360580444336
5,PVALB,26.70235252380371
5,MUC5B,26.558303833007812
5,GATA3,25.653654098510742
5,CFB,25.035322189331055
5,EXOC2,24.820613861083984
6,CXCL14,22.5244197845459
6,S100A11,21.986167907714844
6,MMP11,21.131820678710938
6,KRT8,20.913570404052734
6,IGHE,20.867965698242188
6,TTLL12,20.792755126953125
6,NUPR1,20.5570125579834
6,TCEAL4,20.14303207397461
6,DEGS1,19.58322525024414
6,KRT18,19.496156692504883
7,IGLC1,20.769237518310547
7,IGLC2,20.520830154418945
7,IGHG4,19.58613395690918
7,IGKC,18.84284782409668
7,IGHG1,18.167570114135742
7,IGHG3,18.0317325592041
7,IGHA1,17.819934844970703
7,IGLC3,17.1726016998291
7,C3,16.373504638671875
7,MGP,15.751174926757812
8,CXCL14,20.09776496887207
8,TCEAL4,19.578323364257812
8,RPLP1,17.927764892578125
8,RPS27,17.655210494995117
8,GNG5,17.178762435913086
8,S100A11,16.979238510131836
8,RPL14,16.364742279052734
8,RPL34,16.1866455078125
8,RPL41,15.797403335571289
8,RPL7,15.712876319885254
9,MT-CO1,23.687557220458984
9,MT-ND1,22.854450225830078
9,MT-CO3,22.189416885375977
9,MT-ND3,21.52345085144043
9,MT-ATP6,21.276121139526367
9,MT-ND2,21.032590866088867
9,MT-ND4,20.97046661376953
9,MT-CO2,20.448453903198242
9,MT-CYB,19.49080467224121
9,SCGB1D2,19.059814453125
10,SCGB1D2,25.078170776367188
10,SCGB2A2,25.064809799194336
10,CYB5A,22.12075424194336
10,COX6C,21.9510498046875
10,CSTA,21.7799015045166
10,HEBP1,21.352678298950195
10,S100G,21.295825958251953
10,PCED1B,20.147905349731445
10,HLA-B,19.449970245361328
10,FAM234B,18.94748878479004
11,KRT37,21.5532169342041
11,ACADSB,21.328433990478516
11,ABHD2,20.722835540771484
11,FAM234B,20.050180435180664
11,MCCD1,19.685810089111328
11,LAPTM4B,19.649478912353516
11,S100P,19.582605361938477
11,HSP90AA1,19.43882179260254
11,SLC9A3R1,19.251907348632812
11,DSP,19.084407806396484
12,RPS23,10.669599533081055
12,CRISP3,10.603541374206543
12,APOC1,10.181562423706055
12,RPS12,10.046605110168457
12,SLITRK6,9.818746566772461
12,RPS19,9.816349029541016
12,APOE,8.959517478942871
12,RPL13A,8.757524490356445
12,S100A14,8.501608848571777
12,PTMA,8.357091903686523
13,SAA1,15.1382474899292
13,IGLC2,14.378694534301758
13,FABP4,14.218852996826172
13,IGHG3,14.020853042602539
13,IGLC3,13.247201919555664
13,ADH1B,13.031913757324219
13,IGKC,12.846318244934082
13,IGHG1,12.585389137268066
13,GPX3,12.484301567077637
13,MTRNR2L12,11.44184684753418
